"ANO","NIVEL","CODMUNRES","TN","TNRC","TNRCR","TGI_15","TGI_15_19","TGI_20_24","TGI_25_29","TGI_30_34","TGI_35_39","TGI_40_44","TGI_45_49","TGI_50","TGIF","IM_P25","IM_P50","IM_P75","IM_MD","IM_DP","EM_S","EM_FI","EM_FII","EM_M","EM_SI","EM_SC","TGRC_B","TGRC_PT","TGRC_A","TGRC_PD","TGRC_I","TGSC","TGCC","TGPRI","TGNPRI","TGU","TGG","TGD_22","TGD_22_27","TGD_28_31","TGD_32_36","TGD_37_41","TGD_42","TGD_PRT","TGD_AT","TGD_PST","DG_P25","DG_P50","DG_P75","DG_MD","DG_DP","TKC_NR","TKC_ID","TKC_IT","TKC_AD","TKC_MAD","TGPRG_S","TGPRG_N","TPV","TPC","TRAP_C","TRAP_P","TRAP_T","TGROB_1","TGROB_2","TGROB_3","TGROB_4","TGROB_5","TGROB_6","TGROB_7","TGROB_8","TGROB_9","TGROB_10","TNLOC_H","TNLOC_ES","TNLOC_D","TNLOC_O","TNLOC_AI","TRS_M","TRS_F","TRRC_B","TRRC_PT","TRRC_A","TRRC_PD","TRRC_I","TRP_BP","TRP_N","TRP_M","PESO_P25","PESO_P50","PESO_P75","PESO_MD","PESO_DP","TRPIG_P","TRPIG_A","TRPIG_G","TRAPG5_B","TRAPG5_N","APG5_MD","APG5_DP","TRAC","TRSAC"
2016,"MUNICIPIO",270000,729,0,648,0,0,0,0,729,0,0,0,0,729,34,34,34,34,0,0,0,0,0,0,729,0,0,0,729,0,0,729,0,729,729,0,0,0,0,0,729,0,0,729,0,37,37,37,37,0,0,0,0,0,729,729,0,729,0,729,0,0,0,0,729,0,0,0,0,0,0,0,729,0,0,0,27,0,729,0,0,0,729,0,729,0,0,2450,2450,2450,2450,0,0,729,0,0,729,10,0,0,729
2016,"MUNICIPIO",270010,144189,0,122277,1547,37520,36369,37987,18574,8869,3323,0,0,142642,19,24,29,24.6487596141176,6.40030989099857,1646,22806,69002,42004,1693,6308,3186,441,0,135282,1105,37063,104056,50885,93304,141714,0,0,2646,1347,20269,106429,8360,24262,106429,8360,38,39,40,38.3612199840346,2.98729497484803,0,48692,13546,13744,60655,109658,34531,97752,45996,134434,4410,0,29816,5380,51082,10651,10499,1970,2440,0,0,21974,139533,3157,1499,0,675,76306,67154,3186,441,0,135282,1105,8814,120997,14378,2900,3274,3600,3266.34911817129,581.927385242957,8886,99301,24648,2376,92798,8.99239288040851,1.08417876126041,1530,132324
2016,"MUNICIPIO",270020,103886,0,91624,441,28230,35912,18899,9852,8458,2094,0,0,103445,19,23,27,24.0302446912962,6.61736407878584,3364,16569,46457,33238,1836,1846,4073,0,0,98314,0,49005,54881,37885,66001,103210,676,0,0,965,4246,95009,2944,5211,95009,2944,38,39,40,38.8616183940134,1.76064635217175,2993,26982,9511,14174,47620,102563,1323,56023,47863,99987,3899,0,29415,4653,40792,3675,16484,965,2258,676,0,4246,101074,0,882,1930,279,51824,52062,4073,0,0,98314,0,6528,92072,5286,2970,3300,3575,3234.85941320293,550.120442488706,7768,83420,11300,1324,99750,9.34933810871243,0.907199700170127,2465,100539
2016,"MUNICIPIO",270030,2201432,0,1922474,21135,411400,603363,541055,389943,191585,41934,1017,0,2180297,20,25,30,25.6640686607626,6.46460979341392,20234,184509,818148,807418,140946,209184,48021,4415,4832,2088051,4921,268055,1901135,965380,1236052,2156771,34038,1987,10699,28518,214455,1500285,100563,255659,1500285,100563,37,39,40,38.3329171395529,2.52873396871157,441,310204,267568,220170,1185154,35653,2165779,687563,1513869,1717589,466812,729,484886,54641,379656,20506,287045,201424,252578,34038,729,183279,2198034,1852,1546,0,5508,1151028,1050404,48021,4415,4832,2088051,4921,238502,1860339,102591,2870,3190,3490,3109.69101203217,689.915660594906,160475,1405480,205745,23086,2175189,9.03821905812512,0.68912152415577,8478,1801802
2016,"MUNICIPIO",270040,356872,0,314856,6590,114463,102730,61256,49340,16618,5391,484,0,350282,19,22,28,23.528744199601,6.40719327597238,10982,44526,132484,132492,8052,7904,10137,4993,0,319880,441,147805,180988,120549,236323,347830,9042,484,0,3492,51032,256830,17940,55008,256830,17940,38,39,40,38.5473864235941,2.40115231559906,1060,128576,33763,43589,128099,197486,159386,227780,129092,348589,7223,1060,84338,5944,122297,3933,50337,1305,2763,9042,1060,50217,356872,0,0,0,282,178396,177992,10137,4993,0,319880,441,26473,315480,14919,2930,3230,3510,3205.27650530162,514.575770954824,14645,265440,34970,1060,194007,9.22054986235499,0.794254587998749,4993,345110
2016,"MUNICIPIO",270050,165681,0,148420,3310,63311,54367,21326,19126,3071,1170,0,0,162371,18,21,25,22.0540918994936,5.63885304108956,2959,19672,88145,48875,1723,3731,3112,968,0,161601,0,56075,109165,63258,102423,164511,729,0,925,729,8895,147799,4570,10549,147799,4570,38,39,40,38.8831436673664,1.9754213329612,968,47185,18554,19845,73736,164799,882,88074,77166,162569,2095,0,40736,16206,41179,13246,38043,441,1654,729,0,9667,164399,0,882,400,286,77524,88157,3112,968,0,161601,0,7854,152053,5774,2930,3240,3510,3220.46687308744,495.941495808533,8640,139848,12819,484,160362,9.11035400320804,0.526704368352283,4325,159322
2016,"MUNICIPIO",270060,84604,0,74681,2418,24102,25405,16253,9073,4090,2822,441,0,82186,18,22,28,23.7134650843932,6.95538865222995,970,7981,39765,28852,4059,2977,3155,400,0,80320,0,46909,37695,35156,49448,81992,2612,0,0,0,9587,70401,4616,9587,70401,4616,38,39,40,38.6780175878209,1.86934140245598,676,20449,4923,11098,44058,84604,0,36833,47771,80933,2458,0,22598,4698,22112,2138,18205,676,765,2612,0,9587,84604,0,0,0,142,46456,38148,3155,400,0,80320,0,8038,70705,5861,2830,3200,3610,3225.42845491939,607.463002249628,10031,59362,11341,0,82950,9.35206751054852,0.621423889359204,5540,78623
2016,"MUNICIPIO",270070,149314,0,132811,0,34028,42479,36031,20608,12921,3247,0,0,149314,20,24,29,25.0456219778453,6.37999220351773,3265,21035,52090,46222,9624,9635,15522,2426,0,130637,0,43507,105366,60036,89278,147262,2052,0,882,0,8712,130249,3492,9594,130249,3492,38,39,40,38.8184742037883,1.77142392142441,0,24785,19605,24765,76849,39128,110186,88578,60295,138536,9761,1017,33906,16081,43973,12142,18454,6163,2428,2052,1017,7119,149314,0,0,0,27,75317,73997,15522,2426,0,130637,0,8164,136780,4370,2995,3225,3570,3222.16755294212,502.305112915375,8523,122999,9761,0,148585,9.29076286300771,0.5735208891473,576,143583
2016,"MUNICIPIO",270080,44953,0,40672,484,8810,7484,14095,10754,1974,1352,0,0,44469,20,27,30,26.1049540631326,6.47050481199316,676,4555,17643,17447,1398,2558,5254,1298,0,37917,0,3710,41243,15811,29142,44953,0,0,0,0,5799,34476,1736,5799,34476,1736,37,38,40,38.1331317988146,2.1555130396077,0,11177,6244,4993,19782,44953,0,15442,29511,44224,729,0,10350,2681,7205,2850,12397,0,729,0,0,5799,44953,0,0,0,78,22951,22002,5254,1298,0,37917,0,2873,39668,2412,2875,3245,3505,3200.47502947523,464.824804342925,3068,34257,4202,0,44953,9.15669699463884,0.489346967830038,0,44224
2016,"MUNICIPIO",270090,53381,0,47038,1746,8477,15060,15965,5783,5497,853,0,0,51635,21,25,29,25.4409808733444,6.32594926767182,3105,3976,24958,14346,2581,2275,5036,0,0,45582,0,9224,44157,20425,32956,51923,1458,0,0,0,3274,41630,3004,3274,41630,3004,38,39,40,38.9833848209067,1.74006922468718,0,8940,4109,7133,30024,53381,0,25542,27839,46867,6514,0,11213,2187,13593,6359,4327,3069,3445,1458,0,2257,53381,0,0,0,23,28572,24809,5036,0,0,45582,0,5232,43128,5021,2970,3360,3675,3234.90260579607,736.069930721323,2781,37037,4933,441,52940,9.18071973173976,0.81215933571251,576,48784
2016,"MUNICIPIO",270100,189890,0,167498,3908,43981,53615,44816,28060,13220,2290,0,0,185982,19,24,29,24.5570804149771,6.44114038837226,4309,14611,74823,74374,7666,11589,19703,2563,0,161994,1060,82919,104496,59174,130716,189566,0,0,0,0,15503,165099,7677,15503,165099,7677,38,39,40,38.8483952007393,1.73733333453193,676,29612,7083,8299,140183,128744,61146,113113,76777,184437,4087,0,45118,7153,69674,6537,41280,1117,2970,0,0,12740,189566,0,0,324,391,103305,86585,20144,2563,0,162919,1060,12593,164835,12462,2996,3280,3590,3274.81740481331,493.571099360893,12825,152135,22419,1934,185843,9.21072868349159,0.931316136698913,4462,184503
2016,"MUNICIPIO",270110,89109,0,77668,4713,29568,23651,15165,8903,5804,1305,0,0,84396,17,22,27,22.957782042218,6.65730033862512,3036,18285,39873,24238,865,2236,4922,0,0,84187,0,18280,70829,8824,80285,87075,2034,0,576,441,12750,69978,3518,13767,69978,3518,38,39,40,38.5660130868753,2.28361775687418,576,23392,7449,10879,43661,89109,0,54223,34886,87074,1746,0,2587,3051,54644,730,10161,0,1170,2034,0,12597,89109,0,0,0,48,47383,41726,4922,0,0,84187,0,6502,75809,6798,2955,3350,3665,3300.01519487369,562.893230044619,6091,63527,14553,441,86879,9.0162734768667,0.451673726063331,0,89109
2016,"MUNICIPIO",270120,72776,0,65277,937,18120,20399,18406,7570,5331,2013,0,0,71839,19,23,29,24.3996922062218,6.6255014166781,3134,16316,28609,19278,1641,3357,6990,0,676,64626,0,6949,64710,21639,51137,72776,0,0,0,484,7359,54758,4257,7843,54758,4257,38,39,40,38.6273594782973,2.10134808884977,0,21011,2521,10877,35633,72776,0,38653,34123,72776,0,0,14853,3180,15578,7586,17818,0,0,0,0,7843,72776,0,0,0,102,41374,31402,6990,0,676,64626,0,4171,66624,1981,2940,3220,3495,3189.78131526877,491.408192309276,3281,58247,3717,361,72415,9.00457568429152,0.737208344273716,1766,71010
2016,"MUNICIPIO",270130,197338,0,172782,4627,60735,57845,33974,27574,10684,1899,0,0,192711,18,22,28,23.5384061863402,6.44960200525642,6604,29706,96681,54311,5176,4419,10961,0,0,181697,0,85608,109102,76935,120403,195727,1611,0,484,925,22437,157406,12377,23846,157406,12377,38,39,40,38.7769652273162,2.25208352528525,3492,59023,27450,25111,76030,126360,70978,125795,71543,191745,5152,0,53551,9038,73962,4357,24826,2365,2058,1611,0,21420,196897,441,0,0,265,93803,103535,10961,0,0,181697,0,9252,172176,15910,3000,3250,3550,3266.5418419159,491.951217644877,10305,152367,26981,484,122517,9.2169901057715,0.661646960102344,1170,190489
2016,"MUNICIPIO",270135,38724,0,33839,0,11778,13508,7466,4244,1728,0,0,0,38724,19,22,27,23.0167079847123,5.31773345785436,1152,4327,14577,12559,1152,2169,2291,1411,0,33870,0,13380,25344,13368,25356,38724,0,0,0,441,729,28251,3781,1170,28251,3781,38,40,41,39.4176555629179,1.8997602989241,576,14917,3733,1017,10819,38724,0,27102,11622,37572,1152,0,7860,2610,17206,1305,1899,1152,0,0,0,1170,38724,0,0,0,135,21697,17027,2291,1411,0,33870,0,1017,34656,3051,3154,3340,3716,3388.58103501704,525.279812831461,3492,22109,7025,441,38283,9.46436318562132,0.758016683909857,1305,36843
2016,"MUNICIPIO",270140,264866,0,234454,9081,78849,79435,47134,31820,13010,5537,0,0,255785,18,22,28,23.3557874547885,6.54682012071916,4363,31689,102918,98426,9078,8835,7391,3953,0,230775,0,97501,155082,110871,153995,263408,1458,0,324,3831,25942,208566,12854,30097,208566,12854,38,39,40,38.7801699288716,2.19589642967457,2018,48908,13592,16577,177369,167913,96953,161420,103446,256812,8054,0,80181,8058,81306,5932,39788,2757,4568,1458,0,27469,263284,0,729,853,297,132031,132835,7391,3953,0,230775,0,19867,221807,23192,2935,3280,3665,3263.01660839821,619.333955867686,20091,183419,44454,1693,260709,9.40884215821526,0.739364266732885,1170,259285
2016,"MUNICIPIO",270150,85733,0,75006,441,23392,21494,16778,15368,6361,1899,0,0,85292,19,24,30,24.9922083678397,6.81935152409207,0,14668,40070,24499,1611,4309,1681,0,576,82171,0,9388,75040,40090,45643,85733,0,0,0,0,8107,66221,1017,8107,66221,1017,38,39,40,38.669984736877,1.68922692671187,0,10112,17344,13158,36877,85733,0,30059,55674,58483,26037,0,15902,2322,13521,730,9741,12610,13427,0,0,7137,85733,0,0,0,243,42634,43099,1681,0,576,82171,0,7155,74604,3974,2990,3225,3570,3215.53299196342,597.375435356737,7884,57097,10364,2034,83699,9.12653237376506,0.701254423281084,0,65370
2016,"MUNICIPIO",270160,119116,0,105009,1882,28732,32653,22171,21017,10139,2522,0,0,117234,19,24,30,25.0125423956479,6.82954859492936,4716,28753,53034,24535,3147,4931,2973,1017,0,114361,0,16507,100880,42632,76484,118387,0,0,0,1958,14636,91928,8415,16594,91928,8415,38,39,40,38.859368719909,2.39261094049978,0,41228,9166,6836,55617,114950,4166,60537,57850,114680,2690,0,23765,9961,34244,8671,21012,1160,1530,0,0,16018,114417,3731,968,0,97,58706,60410,2973,1017,0,114361,0,10456,101664,6996,2960,3260,3500,3212.1721767017,511.802204323917,7586,91944,13763,1053,113321,8.93541364296081,0.481421974927917,676,117135
2016,"MUNICIPIO",270170,133413,0,117867,3400,32849,33791,25809,23624,11268,2188,484,0,130013,19,24,30,24.6906823173154,6.91980177075561,4841,24197,53225,41440,2095,6114,5289,2579,0,122874,0,53766,77858,51348,82065,131226,2187,0,0,1697,18777,98625,8200,20474,98625,8200,38,39,40,38.574254314645,2.48215814560066,729,35566,11760,14949,62854,113215,20198,73471,59942,130104,3309,0,35451,8716,36203,2959,19819,761,2548,2187,0,19384,131685,576,576,576,98,69953,63460,5289,2579,0,122874,0,9587,112417,11409,2945,3295,3600,3263.59804516801,574.754999880769,6843,94038,20427,0,121767,9.40272816116025,0.55980782525431,1881,128040
2016,"MUNICIPIO",270180,69444,0,60966,0,13617,17058,20309,12315,3277,2868,0,0,69444,20,26,30,25.8049219515005,6.67002978823438,1000,14062,23185,27355,2789,1053,853,0,0,68591,0,7778,61666,25667,43777,68035,1409,0,1352,2128,5265,53393,4004,8745,53393,4004,38,39,40,38.4676604880409,2.95145588582385,0,17554,4554,6873,38774,69444,0,38939,30505,63012,5703,0,14440,5011,9992,12200,9322,2787,2916,1409,0,7336,69444,0,0,0,0,33995,35449,853,0,0,68591,0,7511,59082,2851,2878,3208,3480,3114.40284257819,607.979984882287,5669,50111,6774,1644,67800,8.90033696215656,0.690640618363905,529,68915
2016,"MUNICIPIO",270190,44348,0,39214,729,14533,10900,4265,8950,3335,1636,0,0,43619,18,22,31,24.4713403084694,7.7686817141405,1593,5205,15642,18948,1213,1458,2044,289,0,40404,0,16354,27265,19828,24520,44348,0,0,0,882,1459,37668,3185,2341,37668,3185,38,39,40,38.8289114228828,2.33049268449913,1305,12117,3627,2561,24738,44348,0,23445,20903,43575,773,0,15202,2242,16963,576,5097,773,0,0,0,2341,44059,0,289,0,0,27481,16867,2044,289,0,40404,0,5011,36262,3075,2950,3180,3620,3233.07483990259,552.981575039448,2960,32761,6187,0,40718,9.36074954565548,0.574655885157722,1746,42313
2016,"MUNICIPIO",270200,86875,0,76589,576,18024,27265,19064,15326,5209,441,970,0,86299,20,24,30,25.1242589928058,6.60351877476877,2410,13162,41297,25150,1611,3245,2851,0,0,81837,0,15420,71455,39246,47629,84094,2781,0,441,1105,7748,60174,3492,9294,60174,3492,38,39,40,38.653399122807,2.38605130297467,0,12786,7907,5279,51950,86875,0,32368,53096,58604,27301,441,15943,2034,13368,576,8400,11440,14403,2781,441,5032,86875,0,0,0,81,47182,39693,2851,0,0,81837,0,11440,69580,5855,2830,3180,3465,3090.17467625899,728.020351015407,8236,51597,8600,576,86299,9.06578417266187,0.472547259306392,0,73449
2016,"MUNICIPIO",270210,162948,0,140791,2763,53737,42588,34937,11730,14099,3094,0,0,160185,18,22,27,23.6441686918526,6.7113370878054,3247,32343,72025,43820,3247,5791,13692,3994,0,138658,729,85253,74779,54314,108634,158151,4221,0,0,0,14762,122419,4374,14762,122419,4374,38,39,40,38.6767970046978,1.90503918761691,441,36084,15635,17256,57412,116989,45959,100969,60674,158574,3798,0,42630,3512,50189,3976,23858,882,1305,4221,0,11423,162948,0,0,0,653,79470,83478,13692,3994,0,138658,729,9420,143526,10002,2985,3260,3595,3270.62873432015,535.972071643308,5099,113423,17489,1017,160185,9.41665115817422,0.711593634016988,882,161625
2016,"MUNICIPIO",270220,47899,0,42496,1213,10728,12934,8454,7719,5681,1170,0,0,46686,20,24,32,25.5411386459007,7.43038408647344,0,4613,15507,24863,0,2916,1305,441,0,45577,0,23295,24604,16441,31458,45712,2187,0,0,0,7223,38201,2475,7223,38201,2475,38,39,40,38.3856656715172,2.02994718722105,0,11817,4962,6387,22503,47899,0,20959,26940,47899,0,0,11675,3553,13275,3290,8883,0,0,2187,0,5036,47458,0,0,441,48,23123,24776,1305,441,0,45577,0,6947,38875,2077,2790,3125,3385,3052.90467441909,665.180761902293,3063,37521,4552,0,47458,9.3545872139576,0.54641115548849,0,47323
2016,"MUNICIPIO",270230,482730,0,418671,7180,121693,155139,97367,69073,25343,6935,0,0,475550,19,23,28,24.20324612102,6.29542215574531,9050,40861,151882,221657,12275,16216,41730,18445,0,381353,16694,100830,367628,192317,290413,476573,5581,2034,3204,3020,48417,364669,20801,56675,364669,20801,38,39,40,38.460410046478,2.75795186838182,0,126857,41212,50457,223180,85018,397712,252817,229913,469640,9114,2187,142397,10206,139100,5630,79176,3688,3729,4123,2187,51578,482001,0,729,0,1445,243950,238780,41730,18445,0,381353,16694,32415,409366,40220,2940,3290,3620,3275.44382688003,544.737043071293,30849,326275,69283,2536,473831,9.14128392604861,0.625026364340089,2322,468442
2016,"MUNICIPIO",270235,232686,0,203366,2806,53190,57642,62133,34311,19412,3192,0,0,229880,20,25,29,25.0015987210232,6.41905048637229,6780,37106,106288,65686,3645,9871,5767,729,0,219586,576,36549,191967,95792,136894,226995,4721,441,2187,3245,25071,155277,13492,30944,155277,13492,37,39,40,38.3341995763921,2.82812100587949,441,42534,30119,26295,105229,206858,25828,107415,125271,169007,62221,0,46004,2475,44012,1017,23010,25079,36701,4721,0,20962,231381,0,1305,0,574,115333,117353,5767,729,0,219586,576,29259,194736,8691,2850,3170,3470,3088.22918439442,710.583242149201,20535,150264,18585,2187,221150,8.97153628821019,0.636884820035334,529,194640
2016,"MUNICIPIO",270240,416532,0,351288,8487,102156,127642,92475,54272,26391,5109,0,0,408045,19,23,28,24.1939826952071,6.2618037746702,2816,37687,166066,179037,11675,13168,6969,1458,0,401576,729,92006,322006,164726,251806,410509,5447,0,4888,5768,39031,341195,18027,49687,341195,18027,38,39,40,38.5479385388925,2.61918662020061,2824,107654,54976,54469,182188,201681,214851,248351,166010,397456,10058,0,114799,21550,129984,21877,53035,5419,3910,5447,0,45706,406181,9333,1018,0,1321,217246,198557,6969,1458,0,401576,729,30488,364615,21429,2950,3240,3535,3215.07428240807,554.687167647093,23354,322175,46888,4416,206302,9.03545022257235,1.05817528678281,4409,411547
2016,"MUNICIPIO",270250,59961,0,52973,2352,14406,15923,11676,7261,7859,484,0,0,57609,19,23,30,24.5654842314171,6.79062543746723,1000,15073,27591,12058,1934,2305,3896,0,0,56065,0,6995,52966,29290,30671,58961,676,0,324,1689,9095,41944,4928,11108,41944,4928,37,39,40,38.2746809244567,2.79051026570876,0,18337,3830,5501,30404,59961,0,29422,30539,55351,3286,1000,16313,5471,9632,4838,7360,2610,676,0,1000,9756,59961,0,0,0,78,31954,28007,3896,0,0,56065,0,3578,53250,3133,2898,3232,3550,3224.5628325078,533.414346296915,3885,44770,7325,648,59313,8.98907623288471,0.775477267367519,0,59232
2016,"MUNICIPIO",270255,120465,0,108216,2412,20332,25569,40005,23430,8041,676,0,0,118053,21,27,30,25.7776449591168,6.05939603961319,2197,18904,48038,45195,970,4485,16200,937,0,101807,484,14154,103650,45523,74942,114191,5698,0,0,1160,11353,84473,5623,12513,84473,5623,38,39,40,38.6305684686528,2.17586684518216,0,26337,17682,21584,47874,120465,0,46187,74278,117355,529,968,21834,11330,22444,7889,21892,0,0,4730,968,11161,120104,361,0,0,232,61498,58967,16200,937,0,101807,484,8426,108859,3180,2940,3260,3545,3218.18728261321,550.038429676545,6253,75518,11883,937,119528,9.09489893330013,0.749192216706981,576,116509
2016,"MUNICIPIO",270260,165083,0,145084,1170,27919,55150,39494,27435,8085,5830,0,0,163913,20,24,30,25.2794957687951,6.37387789627082,3077,23780,69198,59755,3292,5099,3876,1060,0,155581,1170,13183,150201,65432,99651,161697,3386,0,729,2628,18757,115944,8483,22114,115944,8483,37,39,40,38.2982032332248,2.50159471031157,0,20873,22682,17607,71108,165083,0,65310,97739,119481,44432,0,34524,2340,34988,4129,14778,16043,25732,3386,0,12943,165083,0,0,0,404,93615,71468,3876,1060,0,155581,1170,18612,138762,7709,2915,3200,3540,3140.31571997117,681.402948461859,11048,111405,19021,882,164201,9.12777209040301,0.692000334608236,0,128726
2016,"MUNICIPIO",270270,42075,0,36007,802,15233,14934,5139,2340,3186,441,0,0,41273,18,21,26,22.626357694593,6.32369274400152,729,2322,19182,13474,1974,1846,2763,1501,0,33867,1458,10091,30661,16784,25291,42075,0,0,0,0,3933,31833,1611,3933,31833,1611,38,39,40,38.6651951735024,2.11940397078638,0,10065,5985,3951,15242,42075,0,20352,21723,42075,0,0,12061,1458,9944,1458,8523,0,0,0,0,3933,42075,0,0,0,135,25624,16451,2763,1501,0,33867,1458,3933,35379,2763,2950,3240,3580,3214.55876411171,581.165540365364,2475,28924,4808,0,42075,9.34010695187166,0.529203025815801,0,38488
2016,"MUNICIPIO",270280,117497,0,104464,2867,37969,32701,19747,17352,6861,0,0,0,114630,18,22,27,23.2043711754343,6.23901870106067,1766,14074,53444,42340,2875,1881,5021,0,0,110865,0,63701,51589,40769,76728,116145,1352,0,484,0,13878,94560,5812,14362,94560,5812,38,39,40,38.7888681646243,2.10755473297574,576,30235,3191,16014,62868,96858,20639,60943,56554,113211,2493,441,28321,7921,29283,7498,24386,1323,1170,1352,441,13039,117056,0,441,0,183,61214,56283,5021,0,0,110865,0,6964,97925,12608,3020,3372,3720,3321.09872592492,598.394155258175,7029,83851,21620,1160,114438,9.25202858180937,0.86376317939988,1881,113870
2016,"MUNICIPIO",270290,300419,0,264244,3292,59886,77255,74446,47406,27335,10070,729,0,297127,20,25,30,25.7491669967612,6.78687549545022,6354,51610,119712,96776,10488,12457,3915,1170,1305,288944,576,22569,276151,123249,177170,286305,9740,729,729,2851,35624,203577,13269,39933,203577,13269,38,39,40,38.4813127241714,2.59772511533087,576,41998,34179,33397,159977,297172,3247,118565,180684,207803,87801,441,61850,3886,46982,6584,22571,32511,51069,9740,441,24849,299537,441,441,0,578,150991,149428,3915,1170,1305,288944,576,36036,251355,13028,2800,3145,3475,3077.87797043463,679.80893369757,27877,184400,24009,2122,297856,9.065971504577,0.566362079540816,0,265889
2016,"MUNICIPIO",270300,127440,0,111028,3319,31854,34356,28162,16696,9359,3694,0,0,124121,19,24,29,24.6409133709981,6.90697036861821,8982,20668,48380,39084,4170,5103,6830,0,882,117982,0,58255,68125,20168,107272,126558,882,0,576,4171,9329,100722,5547,14076,100722,5547,38,39,40,38.5481906186381,2.61182905349489,0,45561,10550,18227,41662,92067,35373,72109,55331,124659,2052,0,14385,1942,66353,1593,21555,729,441,882,0,11736,126380,484,576,0,52,66220,61220,6830,0,882,117982,0,6323,107574,13543,3000,3385,3700,3349.46747489014,575.350299701163,4383,88434,24082,1258,122890,9.18667235879756,0.722529867792162,2824,124616
2016,"MUNICIPIO",270310,181697,0,162016,1083,30281,50629,49121,34027,14276,2280,0,0,180614,21,25,30,25.6242975943466,6.12953608646556,2369,22398,72170,69329,6741,8249,19155,3902,937,154131,0,19551,160545,72148,109549,176091,4930,0,1090,1405,17874,135386,4478,20369,135386,4478,38,39,40,38.4398344910224,2.26362741841215,0,31286,23924,29517,86974,181697,0,68020,113001,166493,13852,0,43812,8912,31616,8665,33058,8195,5173,4930,0,18229,181697,0,0,0,357,102266,79431,19155,3902,937,154131,0,8158,162075,11464,2970,3270,3540,3257.75755240868,481.071056891243,10321,122824,21728,676,180660,9.11301120571756,0.704597170319663,676,171930
2016,"MUNICIPIO",270320,176881,0,157157,361,41666,52781,40682,28573,9877,2941,0,0,176520,20,24,28,24.7607600590227,6.22642323029444,3395,22616,76454,60429,3144,6626,5077,2922,0,156598,361,20544,153733,67147,109734,176159,722,0,1037,1090,23591,128303,8476,25718,128303,8476,37,39,40,38.3764131030111,2.46138491323512,576,10863,3474,6854,14220,176881,0,69129,107752,168991,6324,0,48003,1970,55375,1593,24058,1611,4713,722,0,22886,176881,0,0,0,119,78467,98414,5077,2922,0,156598,361,8332,158245,10304,2960,3240,3505,3239.21452275824,479.763886238349,6033,127080,26688,2074,168762,9.55601863775785,0.922833861112708,529,97367
2016,"MUNICIPIO",270330,164037,0,141633,1494,37441,40551,37848,28889,11985,5388,441,0,162543,20,25,30,25.4061705590812,6.97396210166433,11026,31822,66715,46436,576,6732,2462,1243,576,156956,0,25304,137968,60746,103291,161508,2529,0,441,1928,13305,133844,12482,15674,133844,12482,38,39,40,38.9396234567901,2.21403960033815,576,43326,9650,13859,93791,129540,34497,102629,60732,156411,5879,0,36184,14077,62298,11279,17531,1441,3086,2529,0,13180,129099,34209,729,0,150,84154,79883,2462,1243,576,156956,0,11541,142483,10013,2950,3300,3550,3242.83295232173,531.493803755934,12488,123633,19702,1117,121243,8.9359022556391,0.735027189566026,648,161447
2016,"MUNICIPIO",270340,51302,0,44805,2575,13699,20946,7149,4458,1593,882,0,0,48727,19,21,25,22.3222876301119,5.78432013416521,0,4435,23323,17934,1742,1105,3357,1305,0,45182,0,18046,31951,27054,24248,49668,1058,0,0,729,4374,42178,2340,5103,42178,2340,38,39,40,38.490034461216,2.19572485041358,0,4915,3492,6557,35456,51302,0,27474,23828,44765,6537,0,16674,3884,10774,1899,4174,3492,1987,1058,0,5103,51302,0,0,0,27,25014,26288,3357,1305,0,45182,0,6161,43107,2034,2820,3210,3520,3081.5175431757,693.624006903024,6055,36541,4950,441,50861,9.21702857588398,0.522576663649087,441,46064
2016,"MUNICIPIO",270350,32722,0,27852,925,11815,9148,5649,4701,484,0,0,0,31797,18,21,26,22.5745064482611,5.81403708348929,0,1501,13567,14813,576,1013,484,729,0,29087,0,7885,24108,12271,20451,29806,2340,0,0,0,2606,25709,2138,2606,25709,2138,38,39,40,39.0056808852987,2.0370760287984,0,11666,1699,3328,12700,32722,0,19826,12320,30976,1170,0,7260,2052,10045,970,5180,0,0,2340,0,2606,32722,0,0,0,243,16167,15879,484,729,0,29087,0,925,30386,1411,3066,3285,3594,3300.95171444288,435.570394243803,0,20398,5826,576,32146,9.31792066499603,1.24236209108174,576,30894
2016,"MUNICIPIO",270360,78214,0,69167,2438,26915,24381,15947,6794,1739,0,0,0,75776,18,21,25,22.2781087784796,5.23940376319921,2286,8611,35042,24003,2916,3475,484,2681,0,72108,0,23776,53862,26084,52130,71536,5949,0,0,1739,13887,55462,845,15626,55462,845,37,39,40,37.9820666453505,2.499910652834,576,20730,9953,8910,26435,78214,0,42129,35356,72823,3933,0,16251,2383,18948,484,13138,441,2187,5949,0,12575,78214,0,0,0,78,42551,35663,484,2681,0,72837,0,4879,68862,4473,2960,3210,3550,3230.12507990897,510.461057565612,1942,53574,11620,441,77773,9.33283043956325,0.706955404165334,1521,74580
2016,"MUNICIPIO",270370,48020,0,42283,0,11041,11710,15483,5103,4199,484,0,0,48020,20,25,29,24.8783840066639,6.3720978583844,1789,6098,22265,15834,1458,576,1152,0,0,46868,0,9757,38263,20958,27062,47291,0,0,576,0,5740,37377,970,6316,37377,970,38,39,40,38.6349327183575,2.38509891480185,0,9645,8240,5191,21011,48020,0,18048,29972,37285,10294,0,9206,4021,8485,968,6678,3798,6496,0,0,3841,48020,0,0,0,77,24201,23819,1152,0,0,46868,0,1170,41346,5504,3120,3360,3685,3416.66566014161,582.813498743765,2322,30476,10607,0,48020,9.12324031653478,0.521406319092593,0,40325
2016,"MUNICIPIO",270375,68348,0,59320,2223,19303,22851,11129,7506,4184,1152,0,0,66125,19,22,27,23.3316849066542,6.29994922384854,2230,8116,23337,29828,1611,2497,5023,3627,0,56917,576,19729,45973,30004,38344,66890,1458,0,0,0,7784,56190,882,7784,56190,882,38,39,40,38.6874922906131,1.92006674126118,324,15349,8547,5632,37367,68348,0,40932,27416,65107,1783,0,19767,3845,20815,2462,8400,613,441,1458,0,6326,68348,0,0,0,255,34121,34227,5023,3627,0,56917,576,5324,56480,6544,3030,3290,3635,3301.54422953122,557.299903460509,3951,51004,8002,0,67619,9.32406572117304,0.540606815100275,0,67619
2016,"MUNICIPIO",270380,175347,0,152473,3494,52232,54891,30987,19098,9805,4264,576,0,171853,18,22,28,23.6323233360137,6.655440946819,10503,18641,53466,38676,484,1405,8927,2334,0,108330,8064,59249,85731,39153,136194,172878,1893,289,484,2187,14633,124953,10471,17593,124953,10471,38,39,40,38.7906768528987,2.55958349874124,576,54438,11413,10094,81906,92699,82648,127556,45561,169962,3351,729,20927,4068,72950,6604,28247,2383,0,1893,729,16668,174422,484,441,0,102,95762,79585,8927,2334,0,108330,8064,8638,150479,16230,3000,3300,3670,3335.28601572881,530.285088406464,8371,113561,25939,1899,168057,9.41701381534044,0.74930488749951,1017,170219
2016,"MUNICIPIO",270390,31387,0,26953,1899,10419,9427,5801,2230,882,729,0,0,29488,17,21,26,22.4023640360659,6.27977149267962,0,3641,17019,8605,0,529,2122,0,0,29265,0,8264,23123,13970,17417,31387,0,0,484,484,2910,26296,1213,3878,26296,1213,37,38,40,38.2305094465862,2.46146147391853,0,10192,2077,4327,14262,31387,0,22851,8536,30419,968,0,9602,1458,11125,0,4840,484,484,0,0,3394,30858,0,0,529,81,14917,15986,2122,0,0,29265,0,3970,25806,1611,2870,3140,3300,3090.11517507248,585.563385075049,2563,25271,2340,0,30903,9.48370708345468,0.499742556093984,484,30903
2016,"MUNICIPIO",270400,203584,0,179082,2508,45554,47710,49798,38480,16720,2814,0,0,201076,20,25,31,25.3897703159384,6.54230751742115,3339,26006,82008,71384,6466,12747,12959,1117,0,184523,441,46331,154662,88980,114604,197453,4538,0,1846,1727,17497,162446,8056,21070,162446,8056,38,39,40,38.4316810389827,2.5300062181208,0,22937,11608,20703,123186,164326,39258,84677,118907,167768,34756,0,54441,6935,45969,1746,30986,14180,18307,4538,0,15021,203055,529,0,0,455,109261,94323,12959,1117,0,184523,441,18768,172738,12078,2930,3250,3595,3211.43876237818,604.020550059982,12936,139925,26671,4456,199128,9.13101717227287,1.10084576479944,1654,183399
2016,"MUNICIPIO",270410,171152,0,149339,1258,39110,45172,33081,34489,14820,3222,0,0,169894,20,25,30,25.3941350378611,6.49585932365292,1305,19582,77399,61773,3821,4797,4021,0,729,162381,0,13882,156388,65779,105373,167813,2034,0,2457,1834,19896,121469,3821,24187,121469,3821,37,38,40,37.9996119804385,2.56933083770143,0,29945,28942,19594,78309,168058,3094,73918,97234,113973,55874,0,27254,2375,33384,0,19526,24681,29888,2034,0,12763,168058,3094,0,0,555,89983,81169,4021,0,729,162381,0,16921,144976,9255,2870,3200,3550,3162.98572613817,654.426165026999,13122,108988,22770,0,171152,9.11424932223988,0.465218857108424,441,138448
2016,"MUNICIPIO",270420,170797,0,149671,2916,37936,50692,36924,30985,9710,1634,0,0,167881,20,24,29,24.5858768011148,6.2177930336834,2275,28918,62303,57958,8083,10684,5526,0,361,162400,676,13345,155048,77837,92960,168369,1899,0,2257,2140,18465,115499,7631,22862,115499,7631,38,39,40,38.4197558770344,2.86140068754595,0,21713,19313,18835,98012,170797,0,68297,101971,125083,42898,0,34593,2781,34179,2701,13744,21140,21029,1899,0,18641,170797,0,0,0,308,94188,76609,5526,0,361,162400,676,17560,143795,9442,2920,3225,3570,3149.67481278945,734.318155161601,14038,105315,20178,1017,169780,9.08673454451776,0.493624986367595,0,143251
2016,"MUNICIPIO",270430,8002981,0,7150598,108661,1739282,2139953,1708154,1431081,708824,156096,9472,1458,7892862,20,25,30,25.3822130778519,6.74213880791632,58818,516801,2471006,3281247,507756,1135562,840946,82346,11155,6959919,3578,2869165,5081881,3398401,4604580,7835071,157476,6677,43892,76862,804017,6711092,182637,931448,6711092,182637,38,39,40,38.4517681836462,2.28612094246175,37944,1977976,873693,991856,3768783,52097,7950884,3125862,4872039,7775017,193338,2383,2012558,832456,1451965,464637,1922503,67982,83633,156306,2383,798861,7984843,9183,7785,1170,11578,4071820,3928974,840946,82346,11155,6959919,3578,660110,6871450,471421,2920,3235,3550,3202.0228581075,566.033195692751,497061,6220598,878087,47228,7831387,9.208005594892,0.710114219250555,88444,7871203
2016,"MUNICIPIO",270440,136900,0,120035,4170,33177,37608,27988,20844,11367,1746,0,0,132730,19,24,29,24.6455149744339,6.60787865641249,4633,26186,54946,36846,4453,8531,5795,2383,0,122714,0,33505,102290,54278,82622,134141,1258,0,729,1501,18459,94966,5274,20689,94966,5274,37,39,40,38.4086943578463,2.54190875173456,0,27136,12143,15973,73610,119118,17782,71653,64763,111930,24486,0,24304,8366,25728,6210,14897,12270,11487,1258,0,17820,136900,0,0,0,134,67649,69251,5795,2383,0,122714,0,10954,117280,8666,2955,3245,3620,3213.5261504748,650.204264521841,8834,92193,15510,729,124508,9.10969601635299,0.52083760218088,0,125578
2016,"MUNICIPIO",270450,273817,0,243236,3626,86393,74694,56087,39994,10181,2266,576,0,270191,19,23,28,23.6374330300894,6.25096785649694,13120,36606,126086,83687,4870,7826,19140,5935,576,241967,0,87479,178044,101001,172816,264690,6579,484,1060,2744,22563,223780,6444,26851,223780,6444,38,39,40,38.563185840708,2.28376475800665,2610,101602,49028,37279,59443,170445,103372,172540,98007,264426,6843,0,62430,22314,81724,13343,39301,2867,2518,6579,0,23451,272880,0,937,0,502,145914,127903,19140,5935,576,241967,0,17182,238548,18087,2914,3200,3500,3197.8036425788,563.390120646102,16202,200054,28813,2242,269210,9.41251123587227,0.732048484831077,2150,270498
2016,"MUNICIPIO",270460,61407,0,53862,0,16838,13081,16376,7942,5993,1177,0,0,61407,19,25,29,24.8932043578094,6.79477024028677,1836,11805,19170,24462,2964,441,1692,1676,0,57310,0,6600,54807,24110,37297,59379,1352,361,484,529,8976,49968,1089,10350,49968,1089,38,39,40,38.2799861564323,2.78351382716865,0,18223,5205,2960,33614,60678,729,31219,30188,58356,2322,0,15748,3651,14847,6968,5969,676,1646,1352,0,9145,60678,0,729,0,150,28111,33296,2421,1676,0,57310,0,1589,58172,1646,2948,3200,3532,3213.04051655349,444.064571139105,5207,43832,8602,324,60354,8.93404528824286,0.614658110044372,484,60923
2016,"MUNICIPIO",270470,479365,0,428679,6704,134398,147947,84373,69963,29242,5648,1090,0,472661,19,23,29,24.0132612935863,6.55194419119623,3167,46634,190133,190268,16173,31820,17289,2916,1213,457463,0,206887,271361,208260,271105,469280,8515,0,1170,7204,48327,398565,16912,56701,398565,16912,38,39,40,38.5317465023783,2.23713211983208,1654,88296,49862,76786,243800,473952,5413,209350,270015,468477,9759,0,142059,37578,104138,28697,90506,1593,6359,8515,0,50434,477105,1170,361,729,753,239395,239970,17289,2916,1213,457463,0,46701,402894,29770,2875,3225,3570,3191.6991123674,589.95726949296,35829,368003,54242,2034,472928,9.1622298204909,0.591427082831265,6512,471148
2016,"MUNICIPIO",270480,94560,0,82713,1846,15521,28863,19156,20954,7203,1017,0,0,92714,20,25,31,25.6340101522843,6.29370962293296,3200,10131,39109,36071,576,3592,8598,529,1828,81524,0,14556,78887,37210,57350,94560,0,0,576,0,6728,59786,5556,7304,59786,5556,38,39,40,38.7282438124604,2.17449595146306,0,24261,13814,12126,35447,94560,0,35693,58867,82720,11840,0,18665,3855,14060,2320,18929,4950,6890,0,0,6575,94560,0,0,0,177,52614,41505,8598,529,1828,81524,0,4537,85361,4662,3075,3310,3555,3305.56751269036,421.579625316519,4465,56235,9047,0,93984,9.11060393258427,0.461298925383785,441,87018
2016,"MUNICIPIO",270490,17778,0,16022,0,4032,3847,4319,2420,2631,529,0,0,17778,21,26,32,26.0797615029812,7.16239711236125,1058,773,5499,7645,676,2127,2442,0,0,14607,0,4552,13226,6685,11093,17778,0,0,0,0,2023,14625,1130,2023,14625,1130,38,39,40,38.9018449769378,1.63571888705844,0,6260,2073,2664,6781,17778,0,6867,10911,16526,1252,0,4711,1298,1515,676,6303,676,576,0,0,2023,17778,0,0,0,53,11446,6332,2442,0,0,14607,0,1205,14515,2058,3150,3390,3612,3385.06260546743,499.977135063633,676,14107,2995,729,16079,8.98411470728225,0.945682495393372,0,17778
2016,"MUNICIPIO",270500,156839,0,136554,1326,43672,46955,33177,19737,7724,3572,676,0,155513,19,23,28,24.2573722097182,6.53802485219108,2953,32540,68240,45298,3054,3241,10331,0,0,145210,576,13904,141199,58832,98007,154911,1352,324,1458,676,14853,127381,7969,17311,127381,7969,38,39,40,38.6529041470972,2.50186630841773,676,40581,14066,14367,81232,135769,21070,75542,80721,152951,2142,729,40194,11667,41967,13327,26141,0,2142,1352,729,16782,155822,1017,0,0,337,76741,80098,10331,0,0,145210,576,8934,140381,7524,2926,3190,3508,3202.58801701107,502.009997317021,7614,123804,15201,1458,127462,8.9341995035681,0.978356262879538,1405,149514
2016,"MUNICIPIO",270510,216962,0,190579,7488,67548,64736,43429,20837,10913,2011,0,0,209474,18,22,27,22.9857440473447,6.23672336515145,4716,26706,93782,74481,5160,4815,11747,6846,0,190277,0,66012,143537,80886,136076,216080,0,361,729,1458,11464,190954,6856,14012,190954,6856,38,39,40,39.0060380885838,2.09899336911519,884,56565,18338,23533,103070,115916,101046,141650,74007,213027,1213,0,62146,11658,71812,4944,43893,484,729,0,0,12552,215994,484,0,484,339,115650,101312,11747,6846,0,190277,0,10874,188867,17221,2995,3275,3590,3283.43827951439,562.445348112131,10429,176688,21251,2150,213115,9.35622140152835,0.804052394512797,2458,213003
2016,"MUNICIPIO",270520,147881,0,131286,3443,44877,44441,28748,19307,6140,925,0,0,144438,19,22,28,23.3611687775982,6.07979465110884,2848,16563,54243,65210,5421,3596,4570,1305,0,140309,0,66060,81337,59058,88823,146270,1611,0,1170,2322,13426,123281,5299,16918,123281,5299,38,39,40,38.4772368005058,2.49201575719243,441,38932,11997,15595,76346,147440,441,59931,87950,144879,3002,0,47039,4970,38049,2034,35520,576,1697,1611,0,14002,146956,484,441,0,150,75302,72579,4570,1305,0,140309,0,13343,124868,9670,2920,3208,3550,3194.63208931506,578.796383597632,6145,120986,14128,729,142692,9.3579252689634,0.684226043427115,3798,144083
2016,"MUNICIPIO",270530,46073,0,41791,1613,6683,11845,9870,6299,7474,1928,361,0,44460,20,26,31,26.4786100319059,7.59046438319682,576,11599,24196,7167,1690,845,7167,2028,361,36517,0,4033,42040,16791,29282,46073,0,0,576,361,2297,32861,2335,3234,32861,2335,38,39,40,38.8933125162633,2.76309936226228,0,10255,2028,6475,24220,46073,0,19219,26854,45013,484,0,10515,2197,5016,4294,12114,0,484,0,0,3234,46073,0,0,0,105,27761,18312,7167,2028,361,36517,0,4463,39436,2174,2960,3150,3475,3182.9889523148,481.496407239372,4778,27553,4440,0,46073,9.19690491177045,0.595164842251031,0,45497
2016,"MUNICIPIO",270540,53806,0,47498,1089,15234,12645,9243,8549,5635,1411,0,0,52717,19,24,30,24.8062855443631,7.35033794950376,1337,12688,25041,10635,1441,1053,1742,0,0,52064,0,12307,41499,21238,32568,53077,729,0,576,0,5870,41071,3818,6446,41071,3818,38,39,40,38.6712379468199,2.53063392328819,0,13010,7747,3956,27016,53806,0,33846,19284,51584,2222,0,12151,3282,18612,3706,5157,1693,529,729,0,6446,53806,0,0,0,50,25274,28532,1742,0,0,52064,0,3810,45544,4452,2986,3270,3615,3270.31572687061,623.049494102755,3693,36357,9439,441,53365,9.12874028918708,0.517677758301829,529,53277
2016,"MUNICIPIO",270550,229071,0,199015,7537,73839,60635,39404,30865,11693,4737,361,0,221534,18,22,28,23.5433424571421,6.73979567842673,9327,38989,97035,68285,4303,9496,10009,802,729,211936,0,100106,122890,60863,168208,217370,10531,0,2515,2972,37360,164023,16574,42847,164023,16574,37,39,40,38.3088380086286,2.94743879887623,2342,114124,21047,18864,66706,121937,107134,151558,77072,222810,5091,0,44341,4656,86245,2701,31725,1305,3210,10531,0,38001,228054,576,0,441,90,113661,115410,10009,802,729,211936,0,18671,196422,13978,2922,3230,3540,3202.51039634,584.598491891219,14313,158588,32320,2330,147234,9.18731780374956,0.94971666544133,2740,224979
2016,"MUNICIPIO",270560,82193,0,73213,441,19047,25476,21983,9277,4909,1060,0,0,81752,20,23,28,24.0554061781417,5.99376712170536,925,13057,29383,25724,2187,2916,2898,441,0,72599,0,37649,40611,27370,54823,79528,2665,0,576,0,11219,64566,729,11795,64566,729,37,39,40,38.4313010766636,2.0961239059763,729,23589,6206,13337,35814,82193,0,41502,40691,80539,1654,0,20342,1213,22713,1789,18509,0,1170,2665,0,8689,82193,0,0,0,291,43005,39188,2898,441,0,72599,0,5085,70943,6165,2910,3200,3600,3222.70007178227,541.49869330606,4889,57115,12421,0,79430,9.36619665113937,0.634758858226221,1213,78946
2016,"MUNICIPIO",270570,180277,0,159198,4587,46030,46004,36936,28268,13868,4584,0,0,175690,19,24,30,24.744748359469,6.83030180975154,1573,32245,75425,52107,8472,7168,8575,676,0,170497,0,31046,147066,70313,109964,180277,0,0,1576,2070,17149,137935,8119,20795,137935,8119,38,39,40,38.6158322794862,2.40774548269172,0,33273,22346,25297,87108,173656,6621,79654,99947,177207,3070,0,41555,16828,40624,17365,27288,1746,1324,0,0,20119,180277,0,0,0,122,89460,90817,8575,676,0,170497,0,13327,160309,6641,2950,3240,3500,3211.26004426521,515.295918183238,11847,136581,15641,2113,178164,9.03687658436739,0.588714169374976,808,176951
2016,"MUNICIPIO",270580,59437,0,51276,676,14622,16049,11251,10747,3670,2422,0,0,58761,19,24,30,25.2693776603799,6.88341619928481,2494,8116,28781,17342,441,1587,1252,0,0,57168,0,8266,50595,23625,35812,56833,1352,0,0,937,4718,47872,4389,5655,47872,4389,38,39,40,38.7225809793494,2.31121611065051,0,14508,10346,8607,22159,59437,0,35208,22977,56131,1613,0,14399,5668,20307,4469,4012,0,937,1352,0,5079,58908,529,0,0,292,28655,30782,1252,0,0,57168,0,7577,47656,4204,2822,3170,3500,3148.80365765432,537.342541284562,3893,43083,5682,0,41591,9.00360654949388,0.365415803225362,676,58761
2016,"MUNICIPIO",270590,54514,0,47582,441,12041,11547,11697,12627,5632,529,0,0,54073,20,25,32,25.8437282166049,6.71195847169308,1017,8773,26548,16477,441,729,1593,529,0,49756,1017,4109,49468,20102,34412,53497,0,0,0,529,5608,41511,1834,6137,41511,1834,38,39,40,38.7247888120933,2.14462712790262,0,15043,8772,5814,17201,54514,0,26881,26904,41763,12751,0,10073,441,13188,1546,5922,6255,6496,0,0,5120,54514,0,0,0,181,30918,23596,1593,529,0,49756,1017,5944,43291,5279,2840,3245,3510,3151.85609201306,638.76637543089,7569,33207,7160,0,54514,9.15304325494368,0.536389900642652,576,47183
2016,"MUNICIPIO",270600,95363,0,84119,890,18507,28392,20723,17583,7116,2152,0,0,94473,20,24,30,25.2829504105366,6.51734199032934,2234,20454,40293,25240,2361,4252,8468,0,0,86319,0,9733,85146,29933,65430,93657,1706,0,676,324,8636,79234,3241,9636,79234,3241,38,39,40,38.5271140254693,2.17674175688417,0,17521,6005,13362,57475,94211,1152,34173,61190,92169,2177,0,18296,7590,23631,7325,21057,853,1000,1706,0,9636,94211,0,1152,0,0,50410,44953,8468,0,0,86319,0,8176,84338,2849,2925,3200,3470,3177.91496702075,487.504265368645,7523,72396,8658,648,93563,9.02467864686714,0.621720754172237,441,94922
2016,"MUNICIPIO",270610,86773,0,75749,1205,19624,27378,20951,11864,4546,1205,0,0,85568,20,23,29,24.2806057183686,6.16311879077403,676,15241,36815,24913,2791,4624,1575,0,0,83317,0,9319,75888,34501,52272,85421,1352,0,324,2028,11680,67602,4130,14032,67602,4130,38,39,40,38.5240339413313,2.44876237781469,0,20058,2205,10003,52931,86097,676,39086,47203,82656,2441,1000,21781,4914,21481,6998,12737,676,1765,1352,1000,12708,86097,676,0,0,150,43064,43709,1575,0,0,83993,0,4186,79324,3263,2956,3240,3500,3228.17119380452,454.261663824828,2177,68879,10475,576,86197,8.96403259078285,0.394797824139458,576,86197
2016,"MUNICIPIO",270620,38855,0,34167,0,11419,16044,5181,3953,2258,0,0,0,38855,19,23,26,23.2949169990992,5.75515226387281,1384,2337,20012,12171,1009,1458,0,1000,0,37855,0,8273,30582,15921,22934,38855,0,0,0,1013,1853,32784,3205,2866,32784,3205,38,39,40,39.043392098829,2.43911203883667,676,14779,845,4800,17755,38855,0,23312,15059,38326,529,0,11923,3322,11799,3262,5683,0,529,0,0,2337,38855,0,0,0,0,22878,15977,0,1000,0,37855,0,2781,32192,3882,2934,3250,3768,3292.16788058165,604.668614165722,2928,25396,7855,0,38855,9.19974263286578,0.451395160175382,0,38855
2016,"MUNICIPIO",270630,612815,0,551318,6652,129846,180711,140534,103935,43064,8073,0,0,606163,20,24,30,24.981080750308,6.34113808109087,6130,59109,223749,231984,43397,45881,112834,10515,3641,463680,13311,79733,523626,213213,399602,605911,5652,0,3280,8067,52382,460105,30444,63729,460105,30444,38,39,40,38.4714709946994,2.43289387171564,0,138949,79165,81361,284050,23808,589007,202112,409351,606362,4256,0,125699,46229,109089,38745,166087,676,3004,5652,0,57629,612013,441,361,0,1043,318642,294173,112834,10515,3641,463680,13311,41206,539056,32192,2955,3250,3555,3228.27954425965,521.784632012629,34681,422422,76521,2458,609555,9.15815840513192,0.654020902025485,3287,606589
2016,"MUNICIPIO",270640,214529,0,192023,2223,56746,71505,35541,29797,14154,4563,0,0,212306,19,23,28,24.1045592903524,6.5028943087408,2550,22770,72754,97151,6571,12372,1641,484,289,209581,0,41241,172183,88516,126013,210832,3697,0,2021,853,17830,177936,13790,20704,177936,13790,38,39,40,38.7973920820976,2.5418219275639,324,65489,21815,16989,106139,108789,105740,130719,83810,206980,6820,0,67997,5239,75689,4246,33513,5123,729,3697,0,16197,214529,0,0,0,166,102963,111566,1641,484,289,209581,0,14697,184340,15492,2985,3266,3546,3255.37375366501,568.34238149038,12083,167841,23532,2397,211121,9.33154113470527,0.856050910851316,324,211119
2016,"MUNICIPIO",270642,82817,0,70216,818,24043,21764,17459,9169,7440,2124,0,0,81999,19,23,29,24.5206901964572,6.82698633609339,1699,17249,24621,33513,576,3466,0,441,0,72562,7931,23473,58571,35087,47730,82239,578,0,0,900,9206,68400,4311,10106,68400,4311,38,39,40,38.9065892268496,2.18573806901317,0,20658,3333,4257,50569,82333,484,46540,36277,78669,1343,0,28685,1594,24545,3339,10876,289,1054,578,0,9341,82044,289,484,0,135,43840,38977,0,441,0,72562,7931,4026,68828,9963,3000,3345,3680,3345.18190709637,536.422362920659,3969,61033,16132,1671,53480,8.9870899893021,1.0051076095836,0,82288
2016,"MUNICIPIO",270644,132429,0,118649,2959,43055,40252,24900,13928,6206,1129,0,0,129470,18,22,27,23.051174591668,6.08929522517889,1654,10459,55398,57724,3443,3310,1366,0,441,129121,441,39689,92740,55024,77405,130665,1764,0,729,441,10073,117807,2895,11243,117807,2895,38,39,40,38.9471901170942,1.96548312295639,0,33141,9692,13536,71643,132429,0,69222,63207,130395,2034,0,37703,13829,24571,10243,32169,576,1458,1764,0,9632,132429,0,0,0,250,66378,66051,1366,0,441,129121,441,7155,120016,5258,2940,3280,3540,3231.07285413316,524.132153291619,12142,106265,10408,1654,126248,9.02917858985786,0.819916437892635,2671,129758
2016,"MUNICIPIO",270650,116853,0,104625,5655,32541,34791,25094,13320,4239,1213,0,0,111198,18,22,27,23.0989362703568,6.28297224517308,2034,11366,53282,43002,1789,4129,1736,937,0,112714,0,49792,66700,43569,73284,116853,0,0,0,729,11187,100616,2579,11916,100616,2579,38,39,40,38.8039283821703,1.88716237771261,529,28458,10581,18168,55678,115601,1252,56057,60796,115928,925,0,28798,9642,30066,4521,29243,0,925,0,0,11916,115160,576,676,441,81,61405,55448,1736,937,0,112714,0,5605,102678,8570,2970,3260,3560,3277.14190478636,482.610807020608,4282,92804,17296,729,113702,9.21153358792635,0.676218789690639,1305,115548
2016,"MUNICIPIO",270660,49138,0,44178,0,8733,11835,12748,12166,2020,1636,0,0,49138,21,26,31,26.2477512312263,6.47314288270877,484,4094,18079,19546,2365,2436,5189,800,0,41897,0,10533,37353,19408,29730,48338,800,0,576,0,1451,41462,1252,2027,41462,1252,38,39,40,38.8104199727319,2.46979057698418,0,6041,3668,3955,32618,48416,722,18649,30489,47372,1090,0,12817,2873,10012,4001,11174,729,361,800,0,1298,48416,0,361,361,26,25273,23865,5189,800,0,41897,0,2127,42005,4645,3135,3330,3720,3389.01172683847,474.152170921278,2027,31565,8736,729,47687,9.14825677461996,0.636813637931296,400,48738
2016,"MUNICIPIO",270670,505219,0,453829,6130,107548,152329,108934,87917,35589,6772,0,0,499089,20,24,30,25.038846520024,6.37576317630616,4557,32092,178328,224119,22196,31332,16210,5024,1060,448280,937,81564,412988,203986,301233,493356,11502,1252,3664,6719,64599,356056,24194,76234,356056,24194,37,39,40,38.2016149525504,2.72105596083909,1398,7780,4064,10872,23284,45239,459980,195981,307717,491910,10410,0,151846,1305,130270,3313,81766,3978,3651,11502,0,66395,503575,0,1644,0,285,254558,250661,16210,5024,1060,448280,937,38560,441489,24686,2920,3240,3540,3198.04234301168,558.51317261377,24651,345890,57220,2120,487101,9.62249576367327,0.777268397329128,0,255791
2016,"MUNICIPIO",270680,162961,0,144823,3042,50797,51614,27182,22726,5907,1693,0,0,159919,19,22,28,23.222071538589,6.00132658643627,1613,12839,68331,66393,4838,4469,3448,2653,0,146370,576,27328,132284,61761,101200,158613,4348,0,0,1893,16796,119240,5899,18689,119240,5899,37,39,40,38.434456434074,2.2919270725429,676,6295,1179,4321,11719,161924,1037,75358,87603,160098,2134,0,49838,529,46563,1746,22977,0,1458,4348,0,16369,161924,1037,0,0,93,84536,77849,3448,2653,0,146370,576,5697,146676,10588,3000,3230,3620,3286.43965734133,493.543541107584,4131,109600,22400,0,156701,9.61842617468938,0.620185637560552,441,93284
2016,"MUNICIPIO",270690,322632,0,286725,9285,94605,94088,63397,40342,15111,5804,0,0,313347,18,22,28,23.4758269483498,6.47454742011679,4154,29820,122741,142372,7006,14252,15268,4726,0,294467,0,168844,149420,129380,193252,317977,4214,0,729,2916,29345,270107,11095,32990,270107,11095,38,39,40,38.7148781636706,2.11664559651931,0,64152,22492,38945,185837,320455,2177,144172,178460,311105,8746,0,94219,14480,76110,9869,75367,3649,4368,4214,0,29135,320014,441,484,1017,426,161794,160838,15268,4726,0,294467,0,22468,278316,21848,2915,3200,3560,3222.00253539636,533.03488468315,19920,250815,36995,3782,307987,9.12704919347337,0.841979606319829,2579,318019
2016,"MUNICIPIO",270700,18429,0,16363,0,3201,5699,5902,3186,441,0,0,0,18429,20,25,28,24.5726843561778,5.19476269303927,529,2916,6920,6428,484,1152,289,730,0,16681,0,6270,11141,7886,10543,18429,0,0,0,729,1611,15271,0,2340,15271,0,37,39,40,38.3936176253478,2.24164095078764,0,4616,441,865,12066,18429,0,10943,7486,18429,0,0,5987,729,4065,0,4490,0,0,0,0,2340,18429,0,0,0,27,10368,8061,289,730,0,16681,0,441,17106,882,3100,3300,3830,3368.35932497694,474.73561482193,289,13236,4086,0,16682,9.22665148063781,0.512655657819457,0,17853
2016,"MUNICIPIO",270710,219199,0,189271,2117,58530,58063,48060,30541,16923,4965,0,0,217082,19,24,29,24.7137532561736,6.72914357288323,3145,31929,71997,61331,5179,10154,2483,676,0,211408,0,49403,163471,77916,141283,209964,2675,0,484,1676,28254,158922,16556,30414,158922,16556,38,39,40,38.6849367629631,2.51512384638284,0,42882,13750,24507,116409,162825,56374,125641,87528,207680,3581,0,47425,10903,68587,11037,29536,1294,1846,2675,0,27063,212026,2257,2673,2243,101,109843,109356,2483,676,0,211408,0,16235,190468,11820,2950,3230,3550,3212.27517011939,569.124441318944,14218,150571,24615,648,205892,8.97190858913528,0.490617173861414,2469,213224
2016,"MUNICIPIO",270720,112474,0,98955,1601,25547,31420,22918,17613,9918,2252,676,529,110344,20,24,30,25.4422266479364,7.00162819431615,2206,19752,48623,34856,3128,3909,4064,676,0,107058,0,8720,102502,36725,75749,109506,2968,0,0,676,15844,86176,4882,16520,86176,4882,37,39,40,38.4598337950139,2.19823789598599,0,31893,11758,10632,57543,112474,0,47702,64772,111314,1160,0,25441,6132,29270,11620,16275,484,0,2968,0,16036,112474,0,0,0,26,59130,53344,4064,676,0,107058,0,5992,100778,5704,2980,3242,3505,3246.2863595142,450.8647542633,5200,83734,13531,529,111945,8.97703469246226,0.50686502466977,324,110892
2016,"MUNICIPIO",270730,249872,0,223041,6582,75649,75216,44653,29591,16313,1868,0,0,243290,18,22,28,23.355361945316,6.32586651006863,6321,29481,103509,78171,7720,16708,13169,1736,0,219397,0,84140,160799,104630,145242,245853,4019,0,1836,676,19015,210770,10001,21527,210770,10001,38,39,40,38.9060083038242,2.22282855873638,1213,56965,7732,20497,135071,135153,114719,154327,95545,243885,5626,0,69401,18962,77900,8601,41531,1558,2034,4019,0,17931,249872,0,0,0,321,132195,117677,13169,1736,0,219397,0,15812,211949,22111,2990,3330,3645,3308.58738474099,549.15446695093,13911,184349,37917,3400,244375,9.35169811320755,0.764722403510796,3718,232378
2016,"MUNICIPIO",270740,67891,0,60059,484,19186,24216,15145,5895,1997,968,0,0,67407,19,22,27,23.1045793993313,5.40779169548186,484,10973,30327,21544,1531,2671,676,484,0,64310,0,27562,40329,23908,43983,67315,576,0,0,729,3933,56715,1213,4662,56715,1213,38,39,40,38.9721840549609,1.75925947140803,0,17694,5153,12831,23688,67891,0,40103,27788,67315,0,0,15607,5538,21390,2187,12630,0,0,576,0,4662,67891,0,0,0,48,35599,32292,676,484,0,64310,0,4655,58523,4713,2965,3270,3540,3266.71065384219,484.460167640038,3589,50796,7145,441,66966,9.27348791668521,0.661585005422939,1789,65165
2016,"MUNICIPIO",270750,157325,0,137021,2007,39417,39971,34974,28405,7738,4813,0,0,155318,19,24,30,24.8504687748292,6.64885131471527,3964,23498,62132,55324,3979,6446,6289,867,0,120768,9015,23354,130852,62271,95054,155779,1546,0,1781,0,16462,118899,10309,18243,118899,10309,38,39,40,38.6897884721026,2.62932521092091,0,31213,18680,15502,37616,157325,0,69973,85606,134220,20727,576,36084,4358,46542,4158,17932,9347,10412,1546,576,14694,157325,0,0,0,140,86904,70421,6289,867,0,120768,9015,13395,129545,14385,2928,3210,3615,3227.33659621802,625.805854507171,13989,105461,21550,1546,153119,9.36089613034623,0.730951749835574,2234,108820
2016,"MUNICIPIO",270760,105183,0,94821,937,30566,23268,22051,16346,8486,2853,676,0,104246,19,24,30,24.8737818849054,7.08677229380334,2074,24869,40729,32381,4454,676,9655,3673,0,90855,0,24801,80058,38510,66673,103077,2106,0,648,1252,6053,85634,3827,7953,85634,3827,38,39,40,38.7435789516907,2.24055993024631,1324,21058,6613,14599,58103,91207,13976,45575,59608,99436,3766,729,27879,3979,27911,7548,17621,676,1713,1377,729,7305,104507,0,676,0,129,49012,56171,9655,3673,0,90855,0,5156,91166,8861,3015,3290,3605,3297.26091668806,505.409473138784,4248,75723,13203,0,102479,9.2551839889148,0.541056994830741,729,103778
2016,"MUNICIPIO",270770,666359,0,590873,10417,180892,204648,142226,83723,36371,7641,441,0,655942,19,23,28,23.9036615398006,6.18164959431331,6278,47855,264675,294554,23067,26295,54505,7857,1836,586263,0,272692,387403,212778,453581,653339,12344,1405,6263,10425,79893,520888,27221,97986,520888,27221,38,39,40,38.3418630387172,2.83688611687419,4171,193291,95138,87301,258712,518803,147556,318013,347186,646236,13350,2340,145827,26281,184279,27916,150505,4192,6487,11174,2340,84454,664815,484,0,1060,661,324318,342041,54505,7857,1836,586263,0,59939,567993,38427,2905,3250,3560,3205.93714649311,583.093367509006,45502,495817,81748,6289,633350,9.18135229402835,0.789561594545414,7835,654672
2016,"MUNICIPIO",270780,54873,0,48862,1000,15348,15894,12648,6779,2322,441,441,0,53873,19,23,28,23.7597725657427,6.41519094926013,2365,10041,27475,12229,2234,529,0,0,0,54873,0,32940,21933,18383,36490,52398,2475,0,441,441,1881,50856,1254,2763,50856,1254,38,39,40,38.9404260747544,1.99494665590491,0,17703,6351,9228,21591,54873,0,33048,21825,51728,2469,676,13007,1261,15182,2102,15820,1352,676,2475,676,2322,54873,0,0,0,197,29662,25211,0,0,0,54873,0,3293,44610,6970,2950,3280,3750,3329.88980008383,636.820676601734,3788,39171,9439,1206,53667,9.41375539883003,1.10669753766672,0,54873
2016,"MUNICIPIO",270790,59540,0,52313,0,13896,22679,10208,8254,2849,1213,441,0,59540,20,22,28,23.9948941887807,6.37579070101571,441,7202,21809,25205,729,4154,0,576,0,58480,0,26998,32058,23078,36462,58082,1458,0,0,0,12277,41309,2977,12277,41309,2977,37,39,39,38.2739423297916,2.19037638976191,0,19256,6955,5281,26014,59540,0,30327,29213,59056,484,0,13215,925,16146,1789,11727,484,0,1458,0,10819,59540,0,0,0,51,36683,22857,0,576,0,58480,0,2867,53424,3249,3070,3320,3515,3297.29709439033,476.248255297028,2340,44082,7758,0,57598,9.38947532900448,0.622426119378403,1017,58523
2016,"MUNICIPIO",270800,393531,0,346931,4249,89173,117444,85306,58791,25058,12834,676,0,389282,20,24,29,24.9884202261067,6.71011023180506,7245,56746,145850,147423,16692,18323,12534,676,0,377256,676,51094,339733,164638,228893,386511,6491,0,1693,4303,39841,328711,12175,45837,328711,12175,38,39,40,38.4821409639458,2.19180581225005,0,81493,34127,30813,240817,45837,347694,159244,234287,381951,11580,0,104757,35965,88265,33478,65999,4166,6685,6491,0,40388,393531,0,0,0,301,188361,205170,12534,676,0,377256,676,33680,344547,15304,2880,3152,3458,3145.0549816914,553.884504357919,31862,305657,36538,3204,388293,8.94792297258983,0.503756688437237,2910,388481
2016,"MUNICIPIO",270810,89714,0,79384,1259,20231,24711,20384,15642,6093,865,529,0,88455,20,24,30,24.7509307354482,6.49735452920874,2406,16071,35465,29674,2988,3110,5829,441,0,83444,0,18107,71607,7733,81981,89714,0,0,0,2017,7973,73129,6019,9990,73129,6019,38,39,40,38.7061859139761,2.47643007912258,0,26137,7756,15948,39297,89714,0,48103,41611,87833,1881,0,4682,1305,55002,576,15702,1305,576,0,0,9990,89714,0,0,0,69,49123,40591,5829,441,0,83444,0,5906,74523,9285,3040,3380,3660,3334.41996789799,522.5402061139,4938,62819,18113,576,87239,9.00621761658031,0.641705800613169,0,89714
2016,"MUNICIPIO",270820,47892,0,41710,676,10117,14957,10487,6234,4361,1060,0,0,47216,20,23,29,25.1253027645536,6.87085146879509,925,4572,15546,23233,576,2511,3998,1458,0,35763,0,6687,39524,21021,26871,47892,0,0,0,882,2254,37907,1835,3136,37907,1835,38,39,40,38.8847194365409,2.19176066741127,361,7008,5915,2210,8786,47892,0,27699,20193,47531,361,0,16719,865,13234,2122,6441,0,361,0,0,3136,47892,0,0,0,22,23199,24693,3998,1458,0,35763,0,2336,41491,4065,3000,3240,3680,3301.76231938528,471.227093820887,1017,33580,7752,729,45482,9.45426413624462,0.76504016796572,676,29257
2016,"MUNICIPIO",270830,170391,0,149395,2522,57550,50529,28311,20175,7792,3512,0,0,167869,18,22,27,23.23974857827,6.58533399373788,3159,23338,70218,65518,2800,4629,10110,3763,0,156518,0,62169,108222,32559,137832,166844,2818,0,2138,2989,22972,129506,8042,28099,129506,8042,37,39,40,38.2846776579111,2.81073074337591,1154,40811,18641,15905,86528,105351,65040,108974,61417,166374,2559,0,16385,4733,82554,5869,24921,484,1634,2818,0,24791,168933,0,441,1017,160,89348,81043,10110,3763,0,156518,0,15619,133336,21436,3010,3345,3710,3290.55860931622,665.976992334718,8769,114409,35447,2511,162232,9.21724140024159,0.73368735885217,1770,168045
2016,"MUNICIPIO",270840,263324,0,228957,3458,63709,69662,58806,42038,18513,6562,576,0,259866,19,24,30,24.9457246585955,6.85999591618185,9865,40639,116278,75829,6474,14239,4574,1881,0,255717,0,60199,202396,103606,159718,258970,3913,0,1881,2170,30160,195451,23221,34211,195451,23221,38,39,40,38.7957948932906,2.69385713042714,0,67211,8798,12550,163085,203933,59391,165573,97751,244262,18297,0,55533,18140,87914,12714,25682,8160,9561,3913,0,32130,262471,0,853,0,314,137918,125406,4574,1881,0,255717,0,25383,225533,12408,2866,3248,3542,3181.41554510793,552.059003842793,17056,188304,29627,1981,258639,9.08912209346942,0.638130977141771,3462,254028
2016,"MUNICIPIO",270850,302618,0,268629,4937,101394,84947,58586,32864,16131,3759,0,0,297681,18,22,27,23.1934319835568,6.28377089227446,10215,40362,125445,97535,9326,8589,5993,2566,648,280044,0,131292,162505,113005,189613,299378,3240,0,1458,3151,25268,241698,10625,29877,241698,10625,38,39,40,38.7053330970943,2.261906123653,1405,97121,35186,35923,92063,218025,84593,181162,121015,295575,6602,0,74281,16493,93059,15481,47476,4372,1501,3240,0,26961,302042,0,0,576,415,159920,142698,5993,2566,648,280044,0,22375,264636,15607,3000,3250,3570,3242.6845924565,568.984886697367,16997,227997,30103,3892,295173,9.26416665273435,0.894524089832301,4478,296529
2016,"MUNICIPIO",270860,407438,0,362021,4772,101780,118212,82955,64766,29430,4641,882,0,402666,19,23,29,24.4973419268699,6.61450367271439,6828,33395,161663,165699,15435,23689,6071,441,0,400397,0,208911,197998,163876,243562,398089,8908,0,1494,729,43688,351333,9665,45911,351333,9665,38,39,40,38.7020660639111,1.93150785742418,1205,106917,39528,33375,223093,31092,376346,208131,199307,394719,12278,0,126390,20204,116292,8628,76142,3434,6492,8908,0,39978,404263,1117,676,853,1148,213200,194238,6071,441,0,400397,0,23248,352643,30871,3010,3335,3640,3294.54170006048,588.976381239181,18936,320345,56874,5057,399799,9.49145622147134,1.04925380002714,4360,401459
2016,"MUNICIPIO",270870,64515,0,57646,2671,16846,21672,11333,6974,4578,441,0,0,61844,19,22,27,23.3954119197086,6.43224894466637,676,6639,22959,26397,1728,5587,441,0,0,62287,0,20442,43497,32119,32396,64515,0,0,0,441,3155,58689,2230,3596,58689,2230,38,39,40,38.9135279592411,1.87994998012496,0,13971,6961,4129,35919,63310,1205,33434,31081,63986,0,0,21217,8719,16928,3400,10126,0,0,0,0,3596,63310,0,1205,0,183,34018,30497,970,0,0,62287,0,2383,58785,2671,2950,3250,3640,3245.62276978023,471.274487122092,4417,52246,5434,729,61779,9.04385038715044,0.61615775299752,729,63425
2016,"MUNICIPIO",270880,258722,0,226786,3645,66707,71338,56586,39849,17567,3030,0,0,255077,19,24,29,24.4166866366215,6.32314119998013,6058,43317,117659,74970,6334,7368,10159,970,0,238701,1807,36238,219105,107770,150952,252839,5442,441,0,2273,24120,187892,11711,26834,187892,11711,38,39,40,38.5322142582705,2.31926428755826,0,38745,34567,19689,109368,229835,28887,97955,159650,205381,50713,0,55577,6073,64387,2052,27787,25675,23633,5442,0,22219,258046,676,0,0,376,136386,122336,10159,970,0,238701,1807,30143,217381,11198,2860,3185,3540,3143.05030496054,600.489273745887,24167,169783,22763,2183,255657,9.10027148619299,0.674947385792433,1981,206111
2016,"MUNICIPIO",270890,128678,0,114806,2610,33767,36806,28862,20001,5462,1170,0,0,126068,19,23,28,23.7741649699249,6.24668037241455,0,4883,41963,72935,3884,4284,5368,925,0,120002,0,48913,79036,57913,70765,127220,1458,0,0,2518,10206,111133,2714,12724,111133,2714,38,39,40,38.5824319946907,2.11253794993085,0,24668,7891,14399,78210,128678,0,55575,73103,124414,4264,0,41652,7666,29593,5470,25625,1458,2077,1458,0,11572,128678,0,0,0,196,67177,61501,5368,925,0,120002,0,8699,113859,6120,2930,3245,3540,3205.26030090614,566.436890665853,7904,100288,15377,1213,124837,9.29341531138437,0.713754169935886,1789,126889
2016,"MUNICIPIO",270895,108670,0,94758,676,23503,33969,25537,16824,6515,1646,0,0,107994,20,24,29,24.8435262722002,6.21131510015938,4765,20662,49436,29038,2988,1781,1858,324,0,105959,0,13757,94429,41440,67230,104902,3768,0,1787,3847,12143,83557,4653,17777,83557,4653,37,39,40,38.1696057063602,3.03336475801391,576,25616,4196,6779,69710,106642,2028,63470,45200,102283,5711,676,27561,4683,30807,8212,11973,2070,2536,3768,676,13701,106642,0,2028,0,155,54020,54650,1858,324,0,105959,0,14082,88257,5655,2830,3165,3454,3113.51863992444,622.95465680147,11315,76658,11066,0,105237,8.96906981384874,0.41516084812929,576,107565
2016,"MUNICIPIO",270900,37690,0,33074,361,8057,12223,8992,5201,2054,802,0,0,37329,20,24,28,24.6834173520828,6.15745993241198,0,3143,15356,17452,0,1739,2650,0,0,34003,0,4298,32275,20886,16804,37690,0,0,0,1331,3834,27770,3297,5165,27770,3297,38,39,40,38.734461249724,2.64980238318112,0,5106,3431,3300,25412,37690,0,16050,21640,30163,7527,0,10893,1713,4951,0,5983,4815,2712,0,0,5165,37114,576,0,0,129,16868,20822,2650,0,0,34003,0,3025,30374,4291,2895,3185,3630,3236.81708676041,774.293648711442,2584,24886,7284,441,37249,9.13526134253117,0.876072744665727,441,33316
2016,"MUNICIPIO",270910,159486,0,140152,2716,32642,44552,41014,24162,11882,2518,0,0,156770,20,24,29,25.0850670278269,6.43841561029988,1458,22577,64159,54894,8207,7750,3153,529,361,153985,0,14021,145465,59821,99665,159486,0,0,729,1305,15975,110513,5785,18009,110513,5785,37,39,40,38.2481702368454,2.24928363242184,0,12746,21201,16371,96759,159486,0,54973,104513,108451,49289,0,26914,1697,25147,1899,21446,20229,29060,0,0,10543,159486,0,0,0,495,89314,70172,3153,529,361,153985,0,15015,137822,6649,2900,3225,3535,3142.5050349247,681.627196592607,13557,102333,17535,1746,157011,9.02885542054839,0.667264444231097,576,134367
2016,"MUNICIPIO",270915,293663,0,258037,7852,71076,88936,60267,45886,15402,4244,0,0,285811,19,23,29,24.1688874662453,6.36112359400314,2759,26715,112094,125277,13265,10801,7156,5982,0,276204,676,93584,195061,119713,173950,288999,4223,0,1117,1060,25585,248559,12560,27762,248559,12560,38,39,40,38.8578688110329,2.02809233710022,289,52576,16215,21400,188908,200885,92778,157203,136019,277146,15347,0,87504,12306,88518,7800,50010,7449,5811,4223,0,23649,292311,676,0,676,592,164895,128092,7156,5982,0,276204,676,18230,249464,25969,2980,3355,3665,3313.4385196637,578.683740799286,23342,212056,45136,1206,290523,9.27131344501232,0.761710755061518,2757,281082
2016,"MUNICIPIO",270920,201015,0,175068,3100,59414,48334,35832,36067,15264,3004,0,0,197915,19,24,30,24.5171305623958,6.69072352540325,4752,34821,82090,68638,6255,3136,5302,3511,0,187380,0,34067,166507,80349,120666,194760,3339,441,1611,1017,16795,145330,13941,19864,145330,13941,38,39,40,38.7490495994641,2.69721554072512,0,45339,35762,19892,86677,169475,31540,95427,105588,151098,49341,0,35021,8532,42715,11040,20101,24133,23462,3339,0,14455,199861,0,1154,0,312,90278,110737,5302,3511,0,187380,0,20092,169844,11079,2900,3210,3540,3160.57521577992,654.682106798063,15302,128283,22493,1611,198539,9.12833374968773,0.79689710001451,1746,175436
2016,"MUNICIPIO",270930,456915,0,402745,9821,114074,149430,77313,62015,37747,6226,289,0,447094,19,23,29,24.3012704770034,6.62113878357701,14472,59720,165894,184812,19060,12957,30522,2036,0,420381,0,108922,345859,45313,411602,451879,5036,0,3323,4222,63327,353910,27730,70872,353910,27730,37,39,40,38.4355906583693,2.4855412911402,1394,102943,42449,52935,249336,97661,359254,270997,185918,452228,4111,576,24923,4792,261866,2648,82632,576,1593,4460,576,69022,456033,0,0,882,229,231437,225037,30522,2036,0,420381,0,36065,383700,37150,2965,3290,3620,3268.58019981835,565.108968509457,25623,336282,72545,1700,449959,9.00232919082759,0.591494289820697,3181,452582
2016,"MUNICIPIO",270940,208602,0,183181,1349,51719,62544,45427,28922,13248,4952,441,0,207253,19,23,29,24.6341406122664,6.55433518903843,4463,21328,77585,90087,6698,7030,16011,1546,0,188585,0,79124,127308,82026,126576,202686,5475,0,3645,2340,25969,162530,6548,31954,162530,6548,38,39,40,38.3222869990847,2.64713662822551,576,49785,15847,23800,111076,139406,69196,116220,92382,198615,8682,729,52713,7526,64801,3935,30216,4315,2670,5475,729,27635,207450,0,1152,0,179,102154,106448,16011,1546,0,188585,0,19170,177611,11821,2950,3240,3530,3192.69344972723,611.782114750379,8452,164121,20220,441,188421,9.30822505321346,0.681486696290012,3291,203714
2016,"UF",27,26544150,0,23470466,404128,6385723,7475874,5651476,4186066,1945579,469571,23746,1987,26138035,19,24,29,24.7531837335157,6.60470633288523,421494,2797522,9835889,9969268,1147754,2009978,1694538,255664,35012,23877026,80602,7562210,18638116,10405138,16139012,26028363,448639,17710,143537,267985,2694599,20944474,1013237,3123831,20944474,1013237,38,39,40,38.5191227470541,2.38606230347488,87547,6020292,2686141,2933192,12528392,11588220,14955930,12101724,14397602,24742533,1629001,19427,6378305,1634376,6465069,1115725,4861208,675328,828835,441892,19427,2655470,26405237,81381,39324,17003,42529,13609655,12927072,1696237,255664,35012,23879356,80602,2136743,22800301,1602467,2930,3240,3555,3208.94207771952,582.191250845136,1677342,19409652,3088055,191842,25284273,9.18656086298872,0.730650166597695,243694,24878480
